[
    {
        "brandCN": "奥迪",
        "brandEN": "AUDI",
        "index": "A",
        "often":[82,158],
        "model": [
            {
                "nameCN": "全部钥匙胚",
                "nameEN": "All key types",
                "time": [
                    {
                        "year": "全部钥匙",
                        "id": [
                            122,
                            40,
                            156,
                            148,
                            82,
                            32769,
                            158,
                            159,
                            242,
                            267,
                            65,
                            70,89,
                            90
                        ]
                    }
                ]
            },
            {
                "nameCN": "100",
                "nameEN": "100",
                "time": [
                    {
                        "year": "全部钥匙",
                        "id": [
                            40,
                            156
                        ]
                    }
                ]
            },
            {
                "nameCN": "200",
                "nameEN": "200",
                "time": [
                    {
                        "year": "全部钥匙",
                        "id": [
                            40,
                            156
                        ]
                    }
                ]
            },
            {
                "nameCN": "400",
                "nameEN": "400",
                "time": [
                    {
                        "year": "全部钥匙",
                        "id": [
                            40,
                            156
                        ]
                    }
                ]
            },
            {
                "nameCN": "4000",
                "nameEN": "4000",
                "time": [
                    {
                        "year": "全部钥匙",
                        "id": [
                            40,
                            156,
                            148
                        ]
                    }
                ]
            },
            {
                "nameCN": "500",
                "nameEN": "500",
                "time": [
                    {
                        "year": "全部钥匙",
                        "id": [
                            40,
                            156
                        ]
                    }
                ]
            },
            {
                "nameCN": "5000",
                "nameEN": "5000",
                "time": [
                    {
                        "year": "全部钥匙",
                        "id": [
                            40,
                            156,
                            148
                        ]
                    }
                ]
            },
            {
                "nameCN": "80",
                "nameEN": "80",
                "time": [
                    {
                        "year": "全部钥匙",
                        "id": [
                            122,
                            40,
                            156
                        ]
                    }
                ]
            },
            {
                "nameCN": "90",
                "nameEN": "90",
                "time": [
                    {
                        "year": "全部钥匙",
                        "id": [
                            122,
                            40,
                            156
                        ]
                    }
                ]
            },
            {
                "nameCN": "A1",
                "nameEN": "A1",
                "time": [
                    {
                        "year": "全部钥匙",
                        "id": [
                            82,
                            32769,
                            158,
                            159
                        ]
                    },
                    {
                        "year": "2010-2015",
                        "id": [
                            82,
                            32769
                        ]
                    },
                    {
                        "year": "2016以后",
                        "id": [
                            158,
                            159
                        ]
                    }
                ]
            }
        ]
    },
	{
        "brandCN": "本田",
        "brandEN": "AUDI",
        "index": "A",
        "often":[122,10],
        "model": [
            {
                "nameCN": "全部钥匙胚",
                "nameEN": "All key types",
                "time": [
                    {
                        "year": "全部钥匙",
                        "id": [
                            122,
                            40,
                            156,
                            148,
                            82,
                            32769,
                            158,
                            159,
                            242,
                            267,
                            65,
                            70,89,
                            90
                        ]
                    }
                ]
            },
            {
                "nameCN": "100",
                "nameEN": "100",
                "time": [
                    {
                        "year": "全部钥匙",
                        "id": [
                            40,
                            156
                        ]
                    }
                ]
            },
            {
                "nameCN": "200",
                "nameEN": "200",
                "time": [
                    {
                        "year": "全部钥匙",
                        "id": [
                            40,
                            156
                        ]
                    }
                ]
            },
            {
                "nameCN": "400",
                "nameEN": "400",
                "time": [
                    {
                        "year": "全部钥匙",
                        "id": [
                            40,
                            156
                        ]
                    }
                ]
            },
            {
                "nameCN": "4000",
                "nameEN": "4000",
                "time": [
                    {
                        "year": "全部钥匙",
                        "id": [
                            40,
                            156,
                            148
                        ]
                    }
                ]
            },
            {
                "nameCN": "500",
                "nameEN": "500",
                "time": [
                    {
                        "year": "全部钥匙",
                        "id": [
                            40,
                            156
                        ]
                    }
                ]
            },
            {
                "nameCN": "5000",
                "nameEN": "5000",
                "time": [
                    {
                        "year": "全部钥匙",
                        "id": [
                            40,
                            156,
                            148
                        ]
                    }
                ]
            },
            {
                "nameCN": "80",
                "nameEN": "80",
                "time": [
                    {
                        "year": "全部钥匙",
                        "id": [
                            122,
                            40,
                            156
                        ]
                    }
                ]
            },
            {
                "nameCN": "90",
                "nameEN": "90",
                "time": [
                    {
                        "year": "全部钥匙",
                        "id": [
                            122,
                            40,
                            156
                        ]
                    }
                ]
            },
            {
                "nameCN": "A1",
                "nameEN": "A1",
                "time": [
                    {
                        "year": "全部钥匙",
                        "id": [
                            82,
                            32769,
                            158,
                            159
                        ]
                    },
                    {
                        "year": "2010-2015",
                        "id": [
                            82,
                            32769
                        ]
                    },
                    {
                        "year": "2016以后",
                        "id": [
                            158,
                            159
                        ]
                    }
                ]
            }
        ]
    }
]